{
    "meta": {
        "optimization_time": 60,
        "seed": 42,
        "data_path": "data/result_I0p3000_C22p0000.csv",
        "timestamp": "2025-12-02T09:34:54.896",
        "data_hash": "b678177bd4640d5b07d93f196bee0a7ecf427712dd976ef0b2d7ffc0712cff3c"
    },
    "jensen": {
        "mse": 0.0004764188652159577,
        "param_names": [
            "A",
            "k"
        ],
        "params": [
            0.2961734634616731,
            0.04761976042995476
        ]
    },
    "bastankhah": {
        "mse": 0.00028941995787760814,
        "param_names": [
            "A",
            "k",
            "epsilon"
        ],
        "params": [
            0.05157553499628062,
            0.02144806981519767,
            0.44430497314610523
        ]
    }
}