{"generation":15,"best_model":{"id":1,"model":"a * (1 + b*x)^(-2) * exp(-c*r^2)","score":0.0010417679272038316,"mse":0.0011846123166735203,"reason_score":0.6,"penalties":{"P1":0.0,"P3":0.0,"P4":0.0,"P2":0.0},"coeffs":[96.84466475540475,6.66038691112867,2.581600301437186],"reason":"Retaining high performance model: Retaining high performance model: Adjusted exponents (x/terms) to fine-tune decay. P1/P3 optimization.","ep_type":"Elitism","parent_generation":14,"parent_id":8,"diversity":0.00013264210786770203,"original_score":0.001042458838672698},"evaluated_models":[{"id":1,"model":"a * (1 + b*x)^(-2) * exp(-c*r^2)","score":0.0010417679272038316,"mse":0.0011846123166735203,"reason_score":0.6,"penalties":{"P1":0.0,"P3":0.0,"P4":0.0,"P2":0.0},"coeffs":[96.84466475540475,6.66038691112867,2.581600301437186],"reason":"Retaining high performance model: Retaining high performance model: Adjusted exponents (x/terms) to fine-tune decay. P1/P3 optimization.","ep_type":"Elitism","parent_generation":14,"parent_id":8,"diversity":0.00013264210786770203,"original_score":0.001042458838672698},{"id":4,"model":"a * (1 + b*x)^(-2) * exp(-c*r^2)","score":0.0010570679626028558,"mse":0.001203351967735361,"reason_score":0.6,"penalties":{"P1":0.0,"P3":0.0,"P4":0.0,"P2":0.0},"coeffs":[80.90492054783107,5.672497016514679,1.7284297295741986],"reason":"Retaining high performance model: Adjusted exponents (x/terms) to fine-tune decay. P1/P3 optimization.","ep_type":"Elitism","parent_generation":14,"parent_id":9,"diversity":0.0003560355759204773,"original_score":0.0010589497316071178},{"id":2,"model":"a * (1 + b*x)^(-2) * exp(-c*r^2)","score":0.0010854494497512938,"mse":0.0012337819168547941,"reason_score":0.6,"penalties":{"P1":0.0,"P3":0.0,"P4":0.0,"P2":0.0},"coeffs":[97.33522092263988,7.136384826869062,3.16207805051811],"reason":"Adjusted exponents (x/terms) to fine-tune decay. P1/P3 optimization.","ep_type":"Mutation","parent_generation":14,"parent_id":8,"diversity":5.1340406683888496e-5,"original_score":0.001085728086832219},{"id":12,"model":"a * (1 + b*x)^(-2) * exp(-c*r^2) * (1 + d*nut) * (1 + d*nut)","score":0.0011025630816272267,"mse":0.0012705661148130101,"reason_score":0.7,"penalties":{"P1":0.0,"P3":0.0,"P4":0.009283505980459772,"P2":0.0},"coeffs":[64.57195492845793,20.650190975156626,1.8111255848774461,59.93240890752796,78.42629246197681],"reason":"Retaining high performance model: Added nut term to improve turbulence consistency (P4).","ep_type":"Elitism","parent_generation":14,"parent_id":7,"diversity":4.856721656987507e-5,"original_score":0.0011028308237270635},{"id":13,"model":"a * (1 + b*x)^(-2) * exp(-c*r^2) * (1 + d*nut) * (1 + d*nut)","score":0.0011112544624887043,"mse":0.0012463751181225403,"reason_score":0.6,"penalties":{"P1":0.0,"P3":0.0,"P4":0.014066317075911244,"P2":0.0},"coeffs":[96.59321916930834,22.100914503762368,2.718977837701469,65.21276097690999,77.59126983228798],"reason":"Adjusted exponents (x/terms) to fine-tune decay. P1/P3 optimization.","ep_type":"Mutation","parent_generation":14,"parent_id":7,"diversity":0.00017704678568787065,"original_score":0.0011122381826420289},{"id":9,"model":"a * (1 + b*x)^(-2) * exp(-c*r^2)","score":0.0011277894906981793,"mse":0.0012822983782034634,"reason_score":0.6000000000000001,"penalties":{"P1":0.0,"P3":0.0,"P4":0.0,"P2":0.0},"coeffs":[29.1849844677807,-4.283486861302066,2.671390139542794],"reason":"Retaining high performance model: Exploring new structure to escape local optima. P1/P2 focus.","ep_type":"Elitism","parent_generation":14,"parent_id":20,"diversity":0.00011226955492847269,"original_score":0.0011284225728190479},{"id":11,"model":"a * (1 + b*x)^(-2) * exp(-c*r^2) * (1 + d*nut)","score":0.0011420178874542825,"mse":0.0013234220002202586,"reason_score":0.7,"penalties":{"P1":0.0,"P3":0.0,"P4":0.004106711653402117,"P2":0.0},"coeffs":[87.05126066464926,-15.03549169984084,0.9350912940609124,68.99355392922874],"reason":"Added nut term to improve turbulence consistency (P4).","ep_type":"Expansion","parent_generation":14,"parent_id":20,"diversity":0.0001399378306587081,"original_score":0.0011428169449830014},{"id":5,"model":"a * (1 + b*x)^(-2) * exp(-c*r^2)","score":0.0011693905348954402,"mse":0.001329388058645729,"reason_score":0.6,"penalties":{"P1":0.0,"P3":0.0,"P4":0.0,"P2":0.0},"coeffs":[95.34575459888126,-7.193396248916979,4.847559174232268],"reason":"Adjusted exponents (x/terms) to fine-tune decay. P1/P3 optimization.","ep_type":"Mutation","parent_generation":14,"parent_id":9,"diversity":8.054737895474851e-5,"original_score":0.0011698614916082416},{"id":10,"model":"a * (1 + b*x)^(-2) * exp(-c*r^2)","score":0.0011903232640078525,"mse":0.0013536106531167463,"reason_score":0.6,"penalties":{"P1":0.0,"P3":0.0,"P4":0.0,"P2":0.0},"coeffs":[44.844535906050034,-4.7627423013650745,5.073950806644461],"reason":"Adjusted exponents (x/terms) to fine-tune decay. P1/P3 optimization.","ep_type":"Mutation","parent_generation":14,"parent_id":20,"diversity":0.00014350903837805797,"original_score":0.0011911773747427367},{"id":3,"model":"a * (1 + b*x)^(-2) * exp(-c*r^2) * (1 + d*nut)","score":0.001190803996001759,"mse":0.00138250258435579,"reason_score":0.7,"penalties":{"P1":0.0,"P3":0.0,"P4":0.0021503627637175517,"P2":0.0},"coeffs":[89.98824923705122,11.677455397779852,0.6422852996754642,22.200944650481713],"reason":"Added nut term to improve turbulence consistency (P4).","ep_type":"Expansion","parent_generation":14,"parent_id":8,"diversity":0.00011839146220356275,"original_score":0.0011915089011331815},{"id":6,"model":"a * (1 + b*x)^(-2) * exp(-c*r^2) * (1 + d*nut)","score":0.0013404155232579471,"mse":0.0015559967051799522,"reason_score":0.7,"penalties":{"P1":0.0,"P3":0.0,"P4":0.002063457759483719,"P2":0.0},"coeffs":[63.70555690566873,20.129457435087808,0.6231341037966622,88.94905952654764],"reason":"Added nut term to improve turbulence consistency (P4).","ep_type":"Expansion","parent_generation":14,"parent_id":9,"diversity":7.503255171494215e-5,"original_score":0.0013409183972432888},{"id":7,"model":"a * x^(-1/3) * exp(-b*r^2) * (1 + c*nut) * (1 + d*nut)","score":0.001501269258627595,"mse":0.0015580315257439454,"reason_score":0.6,"penalties":{"P1":0.09692604162124244,"P3":0.0,"P4":0.0,"P2":0.0},"coeffs":[0.49778606093317423,56.031689079915346,50.56957327149097,-22.092546370614514,25.383125340563026],"reason":"Retaining high performance model: Adjusted exponents (x/terms) to fine-tune decay. P1/P3 optimization.","ep_type":"Elitism","parent_generation":14,"parent_id":2,"diversity":0.0003584504380814818,"original_score":0.0015039599117447617},{"id":16,"model":"a * x^(-1/3) * exp(-b*r^2) * (1 + c*nut)","score":0.0015746418920420538,"mse":0.0016969181290653747,"reason_score":0.6000000000000001,"penalties":{"P1":0.05571892206584404,"P3":0.0,"P4":0.0,"P2":0.0},"coeffs":[0.4441802436128057,77.96546639173133,-15.223741930642014,91.4428026384253],"reason":"Exploring new structure to escape local optima. P1/P2 focus.","ep_type":"Random","parent_generation":14,"parent_id":null,"diversity":0.00023503206056914216,"original_score":0.0015764923486847797},{"id":8,"model":"a * x^(-1/3) * exp(-b*r^2) * (1 + c*nut) * (1 + d*nut)","score":0.0015984560671359206,"mse":0.0016722785932941253,"reason_score":0.6,"penalties":{"P1":0.08779130917408269,"P3":0.0,"P4":0.0,"P2":0.0},"coeffs":[1.8424801839596618,85.92280860507357,-19.451642625658394,-16.005872477825342,-42.87470267884274],"reason":"Adjusted exponents (x/terms) to fine-tune decay. P1/P3 optimization.","ep_type":"Mutation","parent_generation":14,"parent_id":2,"diversity":0.0002931877552447032,"original_score":0.001600799305866825},{"id":18,"model":"a * exp(-b*x) * exp(-c*r^2)","score":0.0015995244236688714,"mse":0.0018183625774753289,"reason_score":0.6000000000000001,"penalties":{"P1":0.0,"P3":0.0,"P4":0.0,"P2":0.0},"coeffs":[20.63435193315868,1.7782153189605765,5.248204551397922],"reason":"Exploring new structure to escape local optima. P1/P2 focus.","ep_type":"Random","parent_generation":14,