{"generation":19,"best_model":{"id":16,"model":"a * x^(-1/3) * exp(-b*r^2) * (1 + c*nut)","score":0.000487219909379818,"mse":0.0005211204683953861,"reason_score":0.6000000000000001,"penalties":{"P1":0.0650401950576229,"P3":0.0,"P4":0.0,"P2":0.0},"coeffs":[0.38150052315334904,3.2126273258158857,-9.339569706580072,-23.939705606395414],"reason":"Exploring new structure to escape local optima. P1/P2 focus.","ep_type":"Random","parent_generation":18,"parent_id":null,"diversity":0.0004895639396349339,"original_score":0.0004884125358713408},"evaluated_models":[{"id":16,"model":"a * x^(-1/3) * exp(-b*r^2) * (1 + c*nut)","score":0.000487219909379818,"mse":0.0005211204683953861,"reason_score":0.6000000000000001,"penalties":{"P1":0.0650401950576229,"P3":0.0,"P4":0.0,"P2":0.0},"coeffs":[0.38150052315334904,3.2126273258158857,-9.339569706580072,-23.939705606395414],"reason":"Exploring new structure to escape local optima. P1/P2 focus.","ep_type":"Random","parent_generation":18,"parent_id":null,"diversity":0.0004895639396349339,"original_score":0.0004884125358713408},{"id":4,"model":"a * (1 + b*x)^(-2) * exp(-c*r^2)","score":0.001008447723505208,"mse":0.0011467168164024726,"reason_score":0.6000000000000001,"penalties":{"P1":0.0,"P3":0.0,"P4":0.0,"P2":0.0},"coeffs":[25.877481465862186,3.2580415173108825,1.6454396235790876],"reason":"Retaining high performance model: Retaining high performance model: Exploring new structure to escape local optima. P1/P2 focus.","ep_type":"Elitism","parent_generation":18,"parent_id":7,"diversity":0.0001315040757220503,"original_score":0.0010091107984341759},{"id":12,"model":"a * (1 + b*x)^(-2) * exp(-c*r^2) * (1 + d*nut) * (1 + d*nut)","score":0.0010462915395632619,"mse":0.001218124361566403,"reason_score":0.7,"penalties":{"P1":0.0,"P3":0.0,"P4":0.0,"P2":0.0},"coeffs":[94.58567660589426,5.223949574262946,1.3325578958172741,-4.699844430220665,47.913287965926926],"reason":"Added nut term to improve turbulence consistency (P4).","ep_type":"Expansion","parent_generation":18,"parent_id":3,"diversity":0.00024761958495531013,"original_score":0.0010475869509471065},{"id":5,"model":"a * (1 + b*x)^(-2) * exp(-c*r^2)","score":0.001057748139450408,"mse":0.0012021551417497306,"reason_score":0.6,"penalties":{"P1":0.0,"P3":0.0,"P4":0.0,"P2":0.0},"coeffs":[81.460288232747,6.384331093711351,2.7199834183710188],"reason":"Adjusted exponents (x/terms) to fine-tune decay. P1/P3 optimization.","ep_type":"Mutation","parent_generation":18,"parent_id":7,"diversity":2.8056828241154832e-5,"original_score":0.001057896524739763},{"id":8,"model":"a * (1 + b*x)^(-2) * exp(-c*r^2)","score":0.0010827002068764793,"mse":0.0012309749371543814,"reason_score":0.6,"penalties":{"P1":0.0,"P3":0.0,"P4":0.0,"P2":0.0},"coeffs":[64.14726149689876,4.893212312968577,4.283013434921031],"reason":"Adjusted exponents (x/terms) to fine-tune decay. P1/P3 optimization.","ep_type":"Mutation","parent_generation":18,"parent_id":5,"diversity":0.00010302719364678592,"original_score":0.0010832579446958556},{"id":11,"model":"a * (1 + b*x)^(-2) * exp(-c*r^2) * (1 + d*nut)","score":0.001095356414335068,"mse":0.0012304884935650118,"reason_score":0.6,"penalties":{"P1":0.0,"P3":0.0,"P4":0.011763559371761576,"P2":0.0},"coeffs":[-69.72606693713611,9.221163157187224,2.4252037170835408,-94.6154036519443],"reason":"Adjusted exponents (x/terms) to fine-tune decay. P1/P3 optimization.","ep_type":"Mutation","parent_generation":18,"parent_id":3,"diversity":3.8598124895008525e-5,"original_score":0.0010955678078534933},{"id":3,"model":"a * (1 + b*x)^(-2) * exp(-c*r^2) * (1 + d*nut)","score":0.0011114400883505268,"mse":0.0012914937401911472,"reason_score":0.7,"penalties":{"P1":0.0,"P3":0.0,"P4":0.0011039109309620113,"P2":0.0},"coeffs":[73.3534887324991,-7.909680375866092,1.1735746140436731,6.40681068025863],"reason":"Added nut term to improve turbulence consistency (P4).","ep_type":"Expansion","parent_generation":18,"parent_id":19,"diversity":8.468744431115201e-5,"original_score":0.0011119107134534634},{"id":2,"model":"a * (1 + b*x)^(-2) * exp(-c*r^2)","score":0.0011161405414608994,"mse":0.0012686090960557048,"reason_score":0.6,"penalties":{"P1":0.0,"P3":0.0,"P4":0.0,"P2":0.0},"coeffs":[82.84656967999038,6.15354558462046,4.6015250351231485],"reason":"Adjusted exponents (x/terms) to fine-tune decay. P1/P3 optimization.","ep_type":"Mutation","parent_generation":18,"parent_id":19,"diversity":4.2192369038549175e-5,"original_score":0.0011163760045290203},{"id":14,"model":"a * (1 + b*x)^(-2) * exp(-c*r^2)","score":0.0011261717736478782,"mse":0.0012801882133239774,"reason_score":0.6,"penalties":{"P1":0.0,"P3":0.0,"P4":0.0,"P2":0.0},"coeffs":[99.10803269661918,-7.26520835538156,3.503174233082106],"reason":"Adjusted exponents (x/terms) to fine-tune decay. P1/P3 optimization.","ep_type":"Mutation","parent_generation":18,"parent_id":4,"diversity":6.994564886781729e-5,"original_score":0.0011265656277251001},{"id":1,"model":"a * (1 + b*x)^(-2) * exp(-c*r^2)","score":0.0011516043778678512,"mse":0.0013091406767734317,"reason_score":0.6000000000000001,"penalties":{"P1":0.0,"P3":0.0,"P4":0.0,"P2":0.0},"coeffs":[65.44704832548264,-7.028175356161026,1.059552415952602],"reason":"Retaining high performance model: Exploring new structure to escape local optima. P1/P2 focus.","ep_type":"Elitism","parent_generation":18,"parent_id":19,"diversity":7.631400178976529e-5,"original_score":0.00115204379556062},{"id":13,"model":"a * (1 + b*x)^(-2) * exp(-c*r^2)","score":0.0011588144974215015,"mse":0.0013178166516869738,"reason_score":0.6000000000000001,"penalties":{"P1":0.0,"P3":0.0,"P4":0.0,"P2":0.0},"coeffs":[27.42695292915526,-4.2036247484124925,1.3619239007206785],"reason":"Retaining high performance model: Retaining high performance model: Exploring new structure to escape local optima. P1/P2 focus.","ep_type":"Elitism","parent_generation":18,"parent_id":4,"diversity":0.0001491448484564732,"original_score":0.001159678653484537},{"id":7,"model":"a * (1 + b*x)^(-2) * exp(-c*r^2)","score":0.0011760949593245388,"mse":0.001336627164781586,"reason_score":0.6,"penalties":{"P1":0.0,"P3":0.0,"P4":0.0,"P2":0.0},"coeffs":[32.975636677605024,5.1617595126751885,1.8816645875452096],"reason":"Retaining high performance model: Adjusted exponents (x/terms) to fine-tune decay. P1/P3 optimization.","ep_type":"Elitism","parent_generation":18,"parent_id":5,"diversity":2.3288201717231722e-5,"original_score":0.0011762319050077955},{"id":10,"model":"a * (1 + b*x)^(-2) * exp(-c*r^2) * (1 + d*nut)","score":0.0011923617942316686,"mse":0.0013769172458460756,"reason_score":0.7,"penalties":{"P1":0.0,"P3":0.0,"P4":0.007085476294399525,"P2":0.0},"coeffs":[-97.32394023225851,12.832392518392716,1.3377326867889252,-79.03062564553596],"reason":"Retaining high performance model: Added nut term to improve turbulence consistency (P4).","ep_type":"Elitism","parent_generation":18,"parent_id":3,"diversity":2.973856944013257e-5,"original_score":0.0011925390899017463},{"id":15,"model":"a * (1 + b*x)^(-2) * exp(-c*r^2) * (1 + d*nut)","score":0.0011986442457432853,"mse":0.001389588256049033,"reason_score":0.7,"penalties":{"P1":0.0,"P3":0.0,"P4":0.0031407971384065526,"P2":0.0},"coeffs":[62.676841446799294,-13.91152326667267,2.2723199744824782,63.12911341783692],"reason":"Added nut term to improve turbulence consistency (P4).","ep_type":"Expansion","parent_generation":18,"parent_id":4,"diversity":2.5871096124389983e-5,"original_score":0.001198799296945788},{"id":6,"model":"a * (1 + b*x)^(-2) * exp(-c*r^2) * (1 + d*nut)","score":0.001246631715910484,"mse":0.001449931189538635,"reason_score":0.7,"penalties":{"P1":0.0,"P3":0.0,"P4":0.0,"P2":0.0},"coeffs":[66.4616137730204,-7.979575653206302,3.81554783344518,-0.03565314520864149],"reason":"Added nut term to improve turbulence consistency (P4).","ep_type":"Expansion","parent_generation":18,"parent_id":7,"diversity":4.9590763462361274e-5,"original_score":0.001246940823003226},{"id":9,