{"generation":12,"best_model":{"id":20,"model":"a * x^(-1/3) * exp(-b*r^2) * (1 + c*nut)","score":0.0009056134271633413,"mse":0.0009982497425041629,"reason_score":0.6000000000000001,"penalties":{"P1":0.03210410045923897,"P3":0.0,"P4":0.0,"P2":0.0},"coeffs":[0.38018838755084217,2.296257612820992,-20.350679806487808,-43.28495223904428],"reason":"Exploring new structure to escape local optima. P1/P2 focus.","ep_type":"Random","parent_generation":11,"parent_id":null,"diversity":0.00023155731212111638,"original_score":0.000906661934218415},"evaluated_models":[{"id":20,"model":"a * x^(-1/3) * exp(-b*r^2) * (1 + c*nut)","score":0.0009056134271633413,"mse":0.0009982497425041629,"reason_score":0.6000000000000001,"penalties":{"P1":0.03210410045923897,"P3":0.0,"P4":0.0,"P2":0.0},"coeffs":[0.38018838755084217,2.296257612820992,-20.350679806487808,-43.28495223904428],"reason":"Exploring new structure to escape local optima. P1/P2 focus.","ep_type":"Random","parent_generation":11,"parent_id":null,"diversity":0.00023155731212111638,"original_score":0.000906661934218415},{"id":2,"model":"a * x^(-1/3) * exp(-b*r^2) * (1 + c*nut)","score":0.0009294829593896203,"mse":0.000981060263725509,"reason_score":0.6,"penalties":{"P1":0.0783753299178537,"P3":0.0,"P4":0.0,"P2":0.0},"coeffs":[0.3290862903232554,10.654294560321574,-0.5431038690973664,27.04759433654608],"reason":"Adjusted exponents (x/terms) to fine-tune decay. P1/P3 optimization.","ep_type":"Mutation","parent_generation":11,"parent_id":19,"diversity":0.000325790568113579,"original_score":0.0009309970432965775},{"id":7,"model":"a * (1 + b*x)^(-2) * exp(-c*r^2)","score":0.0010571846659240152,"mse":0.0012026281766850315,"reason_score":0.6000000000000001,"penalties":{"P1":0.0,"P3":0.0,"P4":0.0,"P2":0.0},"coeffs":[67.4176815646872,4.855414241459201,2.625074166401209],"reason":"Retaining high performance model: Retaining high performance model: Exploring new structure to escape local optima. P1/P2 focus.","ep_type":"Elitism","parent_generation":11,"parent_id":10,"diversity":0.00021342147595879445,"original_score":0.0010583127954828277},{"id":5,"model":"a * (1 + b*x)^(-2) * exp(-c*r^2)","score":0.0010616011122737497,"mse":0.0012071008760400066,"reason_score":0.6,"penalties":{"P1":0.0,"P3":0.0,"P4":0.0,"P2":0.0},"coeffs":[81.92506997366712,6.854594602742219,1.3563498862654124],"reason":"Adjusted exponents (x/terms) to fine-tune decay. P1/P3 optimization.","ep_type":"Mutation","parent_generation":11,"parent_id":11,"diversity":0.00012201544138719484,"original_score":0.0010622487709152058},{"id":13,"model":"a * (1 + b*x)^(-2) * exp(-c*r^2) * (1 + d*nut)","score":0.0010814648516534625,"mse":0.0012517372608456625,"reason_score":0.7,"penalties":{"P1":0.0,"P3":0.0,"P4":0.005745521398951698,"P2":0.0},"coeffs":[29.093774707424757,7.281301434972789,1.0935936916325097,70.06334259115405],"reason":"Retaining high performance model: Added nut term to improve turbulence consistency (P4).","ep_type":"Elitism","parent_generation":11,"parent_id":9,"diversity":0.00022454955229978975,"original_score":0.0010826790638947962},{"id":11,"model":"a * (1 + b*x)^(-2) * exp(-c*r^2)","score":0.0010980146032886114,"mse":0.001249632785217689,"reason_score":0.6,"penalties":{"P1":0.0,"P3":0.0,"P4":0.0,"P2":0.0},"coeffs":[89.46772622045619,5.424442080392236,2.587347627982947],"reason":"Adjusted exponents (x/terms) to fine-tune decay. P1/P3 optimization.","ep_type":"Mutation","parent_generation":11,"parent_id":2,"diversity":0.000302773332517885,"original_score":0.0010996768509915662},{"id":10,"model":"a * (1 + b*x)^(-2) * exp(-c*r^2)","score":0.0011192868283089919,"mse":0.0012724966665001618,"reason_score":0.6,"penalties":{"P1":0.0,"P3":0.0,"P4":0.0,"P2":0.0},"coeffs":[93.99720816763158,5.719241453062029,5.022715900899164],"reason":"Retaining high performance model: Adjusted exponents (x/terms) to fine-tune decay. P1/P3 optimization.","ep_type":"Elitism","parent_generation":11,"parent_id":2,"diversity":9.11720210129001e-5,"original_score":0.0011197970665201423},{"id":4,"model":"a * (1 + b*x)^(-2) * exp(-c*r^2)","score":0.0011355466880508126,"mse":0.0012911295552294232,"reason_score":0.6,"penalties":{"P1":0.0,"P3":0.0,"P4":0.0,"P2":0.0},"coeffs":[84.35927400864543,5.242460448800645,5.351968260740968],"reason":"Retaining high performance model: Adjusted exponents (x/terms) to fine-tune decay. P1/P3 optimization.","ep_type":"Elitism","parent_generation":11,"parent_id":11,"diversity":0.00011401038070765322,"original_score":0.0011361940086018925},{"id":14,"model":"a * (1 + b*x)^(-2) * exp(-c*r^2) * (1 + d*nut)","score":0.0011644634549409568,"mse":0.0013006743683568226,"reason_score":0.6,"penalties":{"P1":0.0,"P3":0.0,"P4":0.018176854500370345,"P2":0.0},"coeffs":[-69.42015859520367,7.081538050887798,3.997734295939202,-86.90656244306196],"reason":"Adjusted exponents (x/terms) to fine-tune decay. P1/P3 optimization.","ep_type":"Mutation","parent_generation":11,"parent_id":9,"diversity":0.0001606057632027229,"original_score":0.0011653985526504692},{"id":8,"model":"a * (1 + b*x)^(-2) * exp(-c*r^2)","score":0.001185725092252478,"mse":0.0013496004367565648,"reason_score":0.6,"penalties":{"P1":0.0,"P3":0.0,"P4":0.0,"P2":0.0},"coeffs":[78.865007207483,-5.982080799854021,2.1472021866606297],"reason":"Adjusted exponents (x/terms) to fine-tune decay. P1/P3 optimization.","ep_type":"Mutation","parent_generation":11,"parent_id":10,"diversity":0.00032440775789699134,"original_score":0.0011876483843457771},{"id":19,"model":"a * (1 + b*x)^(-2) * exp(-c*r^2)","score":0.0012199743684179927,"mse":0.0013868608530325974,"reason_score":0.6000000000000001,"penalties":{"P1":0.0,"P3":0.0,"P4":0.0,"P2":0.0},"coeffs":[43.700974739558816,3.6646465432870166,9.40082353733262],"reason":"Exploring new structure to escape local optima. P1/P2 focus.","ep_type":"Random","parent_generation":11,"parent_id":null,"diversity":7.593311182329751e-5,"original_score":0.0012204375506686858},{"id":12,"model":"a * (1 + b*x)^(-2) * exp(-c*r^2) * (1 + d*nut)","score":0.0012239871615037218,"mse":0.0014147927780794917,"reason_score":0.7,"penalties":{"P1":0.0,"P3":0.0,"P4":0.006160626846953322,"P2":0.0},"coeffs":[93.55620448306082,14.84052062018118,7.300519303537413,95.60453079931348],"reason":"Added nut term to improve turbulence consistency (P4).","ep_type":"Expansion","parent_generation":11,"parent_id":2,"diversity":3.764689228576815e-5,"original_score":0.0012242175580678633},{"id":15,"model":"a * (1 + b*x)^(-2) * exp(-c*r^2) * (1 + d*nut) * (1 + d*nut)","score":0.0012371347880580682,"mse":0.0014197207395701872,"reason_score":0.7,"penalties":{"P1":0.0,"P3":0.0,"P4":0.013434529303151822,"P2":0.0},"coeffs":[98.2648631409764,-31.587818120438932,7.128172888485437,93.7457964660338,-28.163101410013482],"reason":"Added nut term to improve turbulence consistency (P4).","ep_type":"Expansion","parent_generation":11,"parent_id":9,"diversity":3.687046385170571e-5,"original_score":0.0012373628567254823},{"id":6,"model":"a * (1 + b*x)^(-2) * exp(-c*r^2) * (1 + d*nut)","score":0.0012391653096686462,"mse":0.0014349469072395744,"reason_score":0.7,"penalties":{"P1":0.0,"P3":0.0,"P4":0.004416531845414992,"P2":0.0},"coeffs":[40.93813304804981,-11.675096063220566,5.159723481811226,94.60803856586345],"reason":"Added nut term to improve turbulence consistency (P4).","ep_type":"Expansion","parent_generation":11,"parent_id":11,"diversity":5.4757964465523976e-5,"original_score":0.001239504580518615},{"id":9,"model":"a * (1 + b*x)^(-2) * exp(-c*r^2) * (1 + d*nut)","score":0.0012470638287813047,"mse":0.0014380544998125167,"reason_score":0.7,"penalties":{"P1":0.0,"P3":0.0,"P4":0.008668165559510803,"P2":0.0},"coeffs":[76.07852061139906,11.490008716571026,9.954184433690951,99.08684375438453],"reason":"Added nut term to improve turbulence consistency (P4).","ep_type":"Expansion","parent_generation":11,"parent_id":10,"diversity":6.145544570756214e-5,"original_score":0.0012474470230984223},{"id":16,