{"generation":13,"best_model":{"id":6,"model":"a * x^(-1/3) * exp(-b*r^2) * (1 + c*nut) * (1 + d*nut)","score":0.0009190376968829727,"mse":0.0010695924779477097,"reason_score":0.7,"penalties":{"P1":0.00013419599415767105,"P3":0.0,"P4":0.0,"P2":0.0},"coeffs":[-22.828199643898813,11.036787750494256,-24.698128676365272,-32.06632904025881,55.2057351442767],"reason":"Added nut term to improve turbulence consistency (P4).","ep_type":"Expansion","parent_generation":12,"parent_id":2,"diversity":0.00020353338661130402,"original_score":0.000919972971157323},"evaluated_models":[{"id":6,"model":"a * x^(-1/3) * exp(-b*r^2) * (1 + c*nut) * (1 + d*nut)","score":0.0009190376968829727,"mse":0.0010695924779477097,"reason_score":0.7,"penalties":{"P1":0.00013419599415767105,"P3":0.0,"P4":0.0,"P2":0.0},"coeffs":[-22.828199643898813,11.036787750494256,-24.698128676365272,-32.06632904025881,55.2057351442767],"reason":"Added nut term to improve turbulence consistency (P4).","ep_type":"Expansion","parent_generation":12,"parent_id":2,"diversity":0.00020353338661130402,"original_score":0.000919972971157323},{"id":3,"model":"a * x^(-1/3) * exp(-b*r^2) * (1 + c*nut) * (1 + d*nut)","score":0.0010158538586378621,"mse":0.0011048132666772988,"reason_score":0.7,"penalties":{"P1":0.0546101981903068,"P3":0.0,"P4":0.015389042087008049,"P2":0.0},"coeffs":[0.10417837810996922,11.126875747569791,56.60996654947435,-6.659122211427601,-42.586910572445746],"reason":"Added nut term to improve turbulence consistency (P4).","ep_type":"Expansion","parent_generation":12,"parent_id":20,"diversity":0.0001564373673178355,"original_score":0.001016648446153987},{"id":14,"model":"a * (1 + b*x)^(-2) * exp(-c*r^2) * (1 + d*nut)","score":0.0010173319980594149,"mse":0.0011264499325195948,"reason_score":0.6,"penalties":{"P1":0.0,"P3":0.0,"P4":0.028374839572950818,"P2":0.0},"coeffs":[-2.757951510632033,0.8183353133489106,0.9200829659681915,-55.72871337485827],"reason":"Adjusted exponents (x/terms) to fine-tune decay. P1/P3 optimization.","ep_type":"Mutation","parent_generation":12,"parent_id":13,"diversity":0.00040719024847734496,"original_score":0.0010194032364047837},{"id":11,"model":"a * (1 + b*x)^(-2) * exp(-c*r^2)","score":0.001035647390208835,"mse":0.001177574253694168,"reason_score":0.6,"penalties":{"P1":0.0,"P3":0.0,"P4":0.0,"P2":0.0},"coeffs":[95.79186058469824,6.667531271319788,2.2583948316774567],"reason":"Adjusted exponents (x/terms) to fine-tune decay. P1/P3 optimization.","ep_type":"Mutation","parent_generation":12,"parent_id":5,"diversity":0.0001193365710907246,"original_score":0.0010362653432508678},{"id":7,"model":"a * (1 + b*x)^(-2) * exp(-c*r^2)","score":0.0010414764136653387,"mse":0.0011841594359644943,"reason_score":0.6000000000000001,"penalties":{"P1":0.0,"P3":0.0,"P4":0.0,"P2":0.0},"coeffs":[92.43761563678648,6.922014460340762,1.8711057971895342],"reason":"Retaining high performance model: Retaining high performance model: Retaining high performance model: Exploring new structure to escape local optima. P1/P2 focus.","ep_type":"Elitism","parent_generation":12,"parent_id":7,"diversity":0.00011212735607930201,"original_score":0.001042060303648755},{"id":15,"model":"a * (1 + b*x)^(-2) * exp(-c*r^2) * (1 + d*nut) * (1 + d*nut)","score":0.0011132126534735536,"mse":0.0012589439448010393,"reason_score":0.7,"penalties":{"P1":0.0,"P3":0.0,"P4":0.02891794848882332,"P2":0.0},"coeffs":[56.088802121998874,10.81295209435535,1.9125344169337026,-84.99296691332343,49.990697157529986],"reason":"Added nut term to improve turbulence consistency (P4).","ep_type":"Expansion","parent_generation":12,"parent_id":13,"diversity":0.00014163772546106152,"original_score":0.001114001018014516},{"id":20,"model":"a * (1 + b*x)^(-2) * exp(-c*r^2)","score":0.0011135335661803171,"mse":0.0012656213852829663,"reason_score":0.6000000000000001,"penalties":{"P1":0.0,"P3":0.0,"P4":0.0,"P2":0.0},"coeffs":[79.52698614146206,6.0790567860118045,4.4566328878077925],"reason":"Exploring new structure to escape local optima. P1/P2 focus.","ep_type":"Random","parent_generation":12,"parent_id":null,"diversity":3.830200995639519e-5,"original_score":0.0011137468190490103},{"id":18,"model":"a * (1 + b*x)^(-2) * exp(-c*r^2)","score":0.001131036429309878,"mse":0.0012857384241889264,"reason_score":0.6000000000000001,"penalties":{"P1":0.0,"P3":0.0,"P4":0.0,"P2":0.0},"coeffs":[97.53045860304653,6.084602903395147,5.536077549108595],"reason":"Exploring new structure to escape local optima. P1/P2 focus.","ep_type":"Random","parent_generation":12,"parent_id":null,"diversity":7.309826026195878e-5,"original_score":0.0011314498132862553},{"id":10,"model":"a * (1 + b*x)^(-2) * exp(-c*r^2)","score":0.001163934819724975,"mse":0.001323404963096274,"reason_score":0.6,"penalties":{"P1":0.0,"P3":0.0,"P4":0.0,"P2":0.0},"coeffs":[91.88674312335755,-9.050620267827046,1.211567907904417],"reason":"Retaining high performance model: Adjusted exponents (x/terms) to fine-tune decay. P1/P3 optimization.","ep_type":"Elitism","parent_generation":12,"parent_id":5,"diversity":0.00011367437223032231,"original_score":0.001164596367524721},{"id":13,"model":"a * (1 + b*x)^(-2) * exp(-c*r^2) * (1 + d*nut)","score":0.0011709366381570715,"mse":0.001349351371310603,"reason_score":0.7,"penalties":{"P1":0.0,"P3":0.0,"P4":0.010727133101287426,"P2":0.0},"coeffs":[39.77207751557708,7.408384619454978,3.877717589660286,98.22680282648528],"reason":"Retaining high performance model: Retaining high performance model: Added nut term to improve turbulence consistency (P4).","ep_type":"Elitism","parent_generation":12,"parent_id":13,"diversity":0.00033370872861443533,"original_score":0.0011728903970411088},{"id":9,"model":"a * (1 + b*x)^(-2) * exp(-c*r^2) * (1 + d*nut)","score":0.0011764075679525049,"mse":0.0013582083399752039,"reason_score":0.7,"penalties":{"P1":0.0,"P3":0.0,"P4":0.008158714247286526,"P2":0.0},"coeffs":[24.67344674455309,3.939192117821541,6.3780984418152045,34.9521121305486],"reason":"Added nut term to improve turbulence consistency (P4).","ep_type":"Expansion","parent_generation":12,"parent_id":7,"diversity":0.00020085988388975935,"original_score":0.0011775890333900348},{"id":1,"model":"a * x^(-1/3) * exp(-b*r^2) * (1 + c*nut)","score":0.0012616583717746613,"mse":0.0013129687507861514,"reason_score":0.6000000000000001,"penalties":{"P1":0.09347505704937406,"P3":0.0,"P4":0.0,"P2":0.0},"coeffs":[1.3160334352608598,22.28074153306512,-22.666415637847454,81.27682640258995],"reason":"Retaining high performance model: Exploring new structure to escape local optima. P1/P2 focus.","ep_type":"Elitism","parent_generation":12,"parent_id":20,"diversity":0.0002784237594220822,"original_score":0.0012634147501095405},{"id":8,"model":"a * (1 + b*x)^(-2) * exp(-c*r^2)","score":0.0012659187520019741,"mse":0.0014389305502312793,"reason_score":0.6,"penalties":{"P1":0.0,"P3":0.0,"P4":0.0,"P2":0.0},"coeffs":[33.33130094720273,-5.035338588295062,5.873866584958843],"reason":"Adjusted exponents (x/terms) to fine-tune decay. P1/P3 optimization.","ep_type":"Mutation","parent_generation":12,"parent_id":7,"diversity":5.373681383800119e-5,"original_score":0.0012662588842035259},{"id":5,"model":"a * x^(-1/3) * exp(-b*r^2) * (1 + c*nut)","score":0.001298529523167766,"mse":0.0013874964488031763,"reason_score":0.6,"penalties":{"P1":0.06458868235072181,"P3":0.0,"P4":0.0,"P2":0.0},"coeffs":[0.5027310941487442,25.260190734978508,-14.919348475923762,-52.41485021933613],"reason":"Adjusted exponents (x/terms) to fine-tune decay. P1/P3 optimization.","ep_type":"Mutation","parent_generation":12,"parent_id":2,"diversity":0.0002048364804132576,"original_score":0.0012998594542539578},{"id":17,"model":"a * (1 + b*x)^(-2) * exp(-c*r^2)","score":0.0013255492718292979,"mse":0.00150687615172744,"reason_score":0.6000000000000001,"penalties":{"P1":0.0,"P3":0.0,"P4":0.0,"P2":0.0},"coeffs":[98.86406436691918,7.50194943776533,10.404463399952965],"reason":"Exploring new structure to escape local optima. P1/P2 focus.",