{"generation":16,"best_model":{"id":2,"model":"a * (1 + b*x)^(-2) * exp(-c*r^2)","score":0.0010409889531564096,"mse":0.0011831708731767452,"reason_score":0.6,"penalties":{"P1":0.0,"P3":0.0,"P4":0.0,"P2":0.0},"coeffs":[26.04201113214623,3.0744137217989476,3.7046335441841123],"reason":"Adjusted exponents (x/terms) to fine-tune decay. P1/P3 optimization.","ep_type":"Mutation","parent_generation":15,"parent_id":1,"diversity":3.869690230923451e-5,"original_score":0.0010411903683955359},"evaluated_models":[{"id":2,"model":"a * (1 + b*x)^(-2) * exp(-c*r^2)","score":0.0010409889531564096,"mse":0.0011831708731767452,"reason_score":0.6,"penalties":{"P1":0.0,"P3":0.0,"P4":0.0,"P2":0.0},"coeffs":[26.04201113214623,3.0744137217989476,3.7046335441841123],"reason":"Adjusted exponents (x/terms) to fine-tune decay. P1/P3 optimization.","ep_type":"Mutation","parent_generation":15,"parent_id":1,"diversity":3.869690230923451e-5,"original_score":0.0010411903683955359},{"id":8,"model":"a * (1 + b*x)^(-2) * exp(-c*r^2)","score":0.0010455190907643081,"mse":0.0011882466549612148,"reason_score":0.6,"penalties":{"P1":0.0,"P3":0.0,"P4":0.0,"P2":0.0},"coeffs":[96.42580467060145,6.896118093643953,2.401194327714876],"reason":"Adjusted exponents (x/terms) to fine-tune decay. P1/P3 optimization.","ep_type":"Mutation","parent_generation":15,"parent_id":2,"diversity":2.639179002652019e-5,"original_score":0.001045657056365869},{"id":1,"model":"a * (1 + b*x)^(-2) * exp(-c*r^2)","score":0.0010467947183454632,"mse":0.001189914882685618,"reason_score":0.6,"penalties":{"P1":0.0,"P3":0.0,"P4":0.0,"P2":0.0},"coeffs":[50.16742482338814,5.188810825967792,1.4019263251193408],"reason":"Retaining high performance model: Retaining high performance model: Retaining high performance model: Adjusted exponents (x/terms) to fine-tune decay. P1/P3 optimization.","ep_type":"Elitism","parent_generation":15,"parent_id":1,"diversity":6.312191150580429e-5,"original_score":0.0010471250967633437},{"id":11,"model":"a * (1 + b*x)^(-2) * exp(-c*r^2) * (1 + d*nut) * (1 + d*nut)","score":0.0010817854286278214,"mse":0.0012191662238275373,"reason_score":0.6,"penalties":{"P1":0.0,"P3":0.0,"P4":0.008496564828795917,"P2":0.0},"coeffs":[79.6164334461401,11.810782108161554,2.447364549851363,24.86678539303532,-6.636752313150382],"reason":"Adjusted exponents (x/terms) to fine-tune decay. P1/P3 optimization.","ep_type":"Mutation","parent_generation":15,"parent_id":12,"diversity":3.6333677659220716e-5,"original_score":0.0010819819548431224},{"id":13,"model":"a * (1 + b*x)^(-2) * exp(-c*r^2) * (1 + d*nut) * (1 + d*nut)","score":0.0010982489951512277,"mse":0.00123306370273344,"reason_score":0.6,"penalties":{"P1":0.0,"P3":0.0,"P4":0.012407125075935539,"P2":0.0},"coeffs":[84.52586600822812,17.824173794342897,2.402993009317072,50.906560111078136,26.52543213276701],"reason":"Adjusted exponents (x/terms) to fine-tune decay. P1/P3 optimization.","ep_type":"Mutation","parent_generation":15,"parent_id":13,"diversity":5.645090896665084e-5,"original_score":0.0010985589809214679},{"id":4,"model":"a * (1 + b*x)^(-2) * exp(-c*r^2)","score":0.001101254772210373,"mse":0.0012517670593781961,"reason_score":0.6,"penalties":{"P1":0.0,"P3":0.0,"P4":0.0,"P2":0.0},"coeffs":[80.95924861313712,-6.8574636575225085,2.1909899572523344],"reason":"Retaining high performance model: Retaining high performance model: Adjusted exponents (x/terms) to fine-tune decay. P1/P3 optimization.","ep_type":"Elitism","parent_generation":15,"parent_id":4,"diversity":5.452689968133702e-5,"original_score":0.0011015550122528126},{"id":17,"model":"a * (1 + b*x)^(-2) * exp(-c*r^2)","score":0.0011089603878238641,"mse":0.0012603550204142327,"reason_score":0.6000000000000001,"penalties":{"P1":0.0,"P3":0.0,"P4":0.0,"P2":0.0},"coeffs":[58.27238740025817,4.920188501087868,4.850818294157097],"reason":"Exploring new structure to escape local optima. P1/P2 focus.","ep_type":"Random","parent_generation":15,"parent_id":null,"diversity":2.7418497960782842e-5,"original_score":0.0011091124179645247},{"id":7,"model":"a * (1 + b*x)^(-2) * exp(-c*r^2)","score":0.001110074414773003,"mse":0.0012616691445360357,"reason_score":0.6,"penalties":{"P1":0.0,"P3":0.0,"P4":0.0,"P2":0.0},"coeffs":[46.83713976704107,5.567081197619757,2.093317626140596],"reason":"Retaining high performance model: Adjusted exponents (x/terms) to fine-tune decay. P1/P3 optimization.","ep_type":"Elitism","parent_generation":15,"parent_id":2,"diversity":3.503051977794225e-5,"original_score":0.0011102688471917115},{"id":15,"model":"a * (1 + b*x)^(-2) * exp(-c*r^2)","score":0.0011290871514845744,"mse":0.0012834657763194242,"reason_score":0.6000000000000001,"penalties":{"P1":0.0,"P3":0.0,"P4":0.0,"P2":0.0},"coeffs":[54.12639890670018,4.3097528597023,5.792863528634754],"reason":"Exploring new structure to escape local optima. P1/P2 focus.","ep_type":"Random","parent_generation":15,"parent_id":null,"diversity":6.425220162005975e-5,"original_score":0.0011294498831610933},{"id":10,"model":"a * (1 + b*x)^(-2) * exp(-c*r^2) * (1 + d*nut) * (1 + d*nut)","score":0.001138369979772705,"mse":0.0012949144953733698,"reason_score":0.7,"penalties":{"P1":0.0,"P3":0.0,"P4":0.022567498630638755,"P2":0.0},"coeffs":[98.20290454585937,16.967993577311844,1.207054788479553,-88.11943165419841,7.066831538210586],"reason":"Retaining high performance model: Retaining high performance model: Added nut term to improve turbulence consistency (P4).","ep_type":"Elitism","parent_generation":15,"parent_id":12,"diversity":6.821156605778044e-5,"original_score":0.0011387582297680723},{"id":18,"model":"a * x^(-1/3) * exp(-b*r^2) * (1 + c*nut)","score":0.001153320396561392,"mse":0.0011779180324396868,"reason_score":0.6000000000000001,"penalties":{"P1":0.03501493397389033,"P3":0.0,"P4":0.07884901027750502,"P2":0.0},"coeffs":[-0.19012123707551964,9.461796747311507,-57.25997827977997,68.03699647210482],"reason":"Exploring new structure to escape local optima. P1/P2 focus.","ep_type":"Random","parent_generation":15,"parent_id":null,"diversity":0.00022113161032251874,"original_score":0.0011545955745439391},{"id":6,"model":"a * (1 + b*x)^(-2) * exp(-c*r^2) * (1 + d*nut)","score":0.001164850981447296,"mse":0.0013500339825973367,"reason_score":0.7,"penalties":{"P1":0.0,"P3":0.0,"P4":0.004518808327603835,"P2":0.0},"coeffs":[41.447355614977134,6.979694390931122,0.7792014421299456,35.74900196960598],"reason":"Added nut term to improve turbulence consistency (P4).","ep_type":"Expansion","parent_generation":15,"parent_id":4,"diversity":0.0002446170608564468,"original_score":0.001166275693564383},{"id":14,"model":"a * (1 + b*x)^(-2) * exp(-c*r^2)","score":0.0011962949469035888,"mse":0.0013606832907109795,"reason_score":0.6000000000000001,"penalties":{"P1":0.0,"P3":0.0,"P4":0.0,"P2":0.0},"coeffs":[95.269504822877,-6.287215214284208,3.4583046188961912],"reason":"Exploring new structure to escape local optima. P1/P2 focus.","ep_type":"Random","parent_generation":15,"parent_id":null,"diversity":0.0001849625671222221,"original_score":0.001197401295825662},{"id":12,"model":"a * (1 + b*x)^(-2) * exp(-c*r^2) * (1 + d*nut) * (1 + d*nut)","score":0.0012057232748769672,"mse":0.001355205512775313,"reason_score":0.6,"penalties":{"P1":0.0,"P3":0.0,"P4":0.011212711602936682,"P2":0.0},"coeffs":[51.310099576685786,20.902611520278185,4.471587235928876,77.3756247458473,-39.76144729070413],"reason":"Retaining high performance model: Adjusted exponents (x/terms) to fine-tune decay. P1/P3 optimization.","ep_type":"Elitism","parent_generation":15,"parent_id":13,"diversity":3.809191018490099e-5,"original_score":0.0012059529163904396},{"id":3,"model":"a * (1 + b*x)^(-2) * exp(-c*r^2) * (1 + d*nut)","score":0.0012212687625743892,"mse":0.00141224528324751,"reason_score":0.7,"penalties":{"P1":0.0,"P3":0.0,"P4":0.005879042017814019,"P2":0.0},"coeffs":[41.13887247418475,9.174656351360781,7.204642215393665,80.01596770884946],"reason":"Added nut term to improve turbulence consistency (P4).","ep_type":"Expansion",